{"cameraMode":{"drawMode":0,"name":"Shaded","section":"Shading Mode"},"sceneLighting":true,"audioPlay":false,"sceneViewState":{"showFog":false,"showMaterialUpdate":false,"showSkybox":false,"showFlares":false,"showImageEffects":false,"showParticleSystems":false},"in2DMode":false,"pivot":{"x":-4.79450798034668,"y":0.3831855058670044,"z":-14.125621795654297},"rotation":{"x":0.2710060179233551,"y":-0.020212296396493913,"z":0.005691963247954845,"w":0.9623486995697022},"size":49.69752883911133,"orthographic":false}